,train,val,test
0,TCGA-CZ-4858-01Z-00-DX1.657d1abf-8811-4ea5-a02b-89a6eeaeafbb,TCGA-BP-4161-01Z-00-DX1.a5c24186-a438-4c65-857e-d6da30340342,TCGA-B0-4713-01Z-00-DX1.974f47b6-2d74-4bb0-8436-0712b77f4d0d
1,TCGA-G6-A5PC-01Z-00-DX1.1E7A6945-7AC1-438D-B1EC-C45BEFC6851E,TCGA-BP-4781-01Z-00-DX1.5bb96821-4711-4fb3-8fd6-5469240a050b,TCGA-B0-5092-01Z-00-DX1.9b3a2c5c-4614-41bc-973c-601ad1f4d962
2,TCGA-A3-3351-01Z-00-DX1.bbfb3f8b-ef35-423a-b13f-7ccf6438b01f,TCGA-BP-4176-01Z-00-DX1.e6cbc6db-6340-4bca-b5c0-c3c358c78d80,TCGA-BP-4762-01Z-00-DX1.d7e04665-32ee-4e53-a398-7ef13ab6630c
3,TCGA-A3-3376-01Z-00-DX1.f386e709-91ae-43b3-8835-b9f878bff2e0,TCGA-B0-4823-01Z-00-DX1.9a23a831-7fc7-404c-b195-b3b999b8dfe2,TCGA-MM-A563-01Z-00-DX1.97A1F7D9-4156-4061-88BB-31EF1FC7B7F9
4,TCGA-BP-4326-01Z-00-DX1.1e6bb223-08df-4fb9-ba08-c354cd0190d0,TCGA-BP-4163-01Z-00-DX1.1dc1c4fb-2691-42f8-b62f-c51db47b30dc,TCGA-AK-3444-01Z-00-DX1.1F0E0B47-29FF-456F-800A-539983FDCFAA
5,TCGA-BP-5006-01Z-00-DX1.98cb6ac9-bb30-4b71-aa66-0d08f80ecd55,TCGA-B2-5633-01Z-00-DX1.c55a29ca-468e-46de-9ff5-a51f46fe09fd,TCGA-CJ-4881-01Z-00-DX1.4B82DB9B-4A2B-47D4-8663-8AD218E3644A
6,TCGA-B2-5635-01Z-00-DX1.04222a5c-a2b2-4206-8a54-66c7474982d8,TCGA-CJ-4895-01Z-00-DX1.C4089710-6CCB-4591-ACF6-B0AAC187690F,TCGA-CJ-5681-01Z-00-DX1.103D5A1F-B07C-4090-8E3A-770514D2BBC4
7,TCGA-BP-4784-01Z-00-DX1.5b7d8f64-34f4-4d5d-95b1-77700042e5e7,TCGA-BP-4989-01Z-00-DX1.14bd85dc-5ac2-4da0-b8c2-ddf5c791aac5,TCGA-CJ-4893-01Z-00-DX1.056F80C3-B340-465A-B2A7-0523CEEA0219
8,TCGA-KL-8336-01Z-00-DX1.bfba9373-efa8-4573-8ee6-8ac961f0b65a,TCGA-B0-4696-01Z-00-DX1.87ac4060-189a-4187-a7ed-9bc5fcfa6feb,TCGA-AK-3460-01Z-00-DX1.022F845F-72ED-482C-8AC6-F0DCF1CA8581
9,TCGA-KO-8403-01Z-00-DX1.47C5A937-3397-4313-BE8B-0C6E4B12C301,TCGA-B0-4700-01Z-00-DX1.1a56e8e5-e1c7-48c7-b17a-5adc9d780613,TCGA-CJ-5683-01Z-00-DX1.4758DFEF-5B66-43AC-B88B-FFF4079DB129
10,TCGA-KM-A7QG-01Z-00-DX1.7275EEF1-1D4E-4471-89C3-5B99EC03515E,TCGA-CZ-4859-01Z-00-DX1.ef46368c-c76e-4fc9-a620-65b7f63fb083,TCGA-AK-3450-01Z-00-DX1.84C9CCDE-F1FD-4BDC-B819-25078EF350A5
11,TCGA-KL-8335-01Z-00-DX1.3F291515-CD98-4D8F-A255-A10A69139242,TCGA-B0-5700-01Z-00-DX1.95de170e-c0b7-4408-a0cf-b4b5ce1a23f0,TCGA-CZ-5460-01Z-00-DX1.369e0c80-f187-4e65-bf6b-e6e088fcc895
12,TCGA-UW-A7GU-01Z-00-DX1.30C1C11C-4113-4F8D-8372-5EE3DD33564D,TCGA-BP-4759-01Z-00-DX1.077e7051-ed46-4cf6-9ede-c08a2b635279,TCGA-B0-4691-01Z-00-DX1.789de56b-23df-47c5-a075-705edc9e6d44
13,TCGA-KN-8435-01Z-00-DX1.99219621-93BA-448B-8AFE-AEECA888BDA4,TCGA-CJ-4908-01Z-00-DX1.3B9E62AC-B67F-4AAC-9255-8A1EB3A78473,TCGA-BP-4344-01Z-00-DX1.a6ed5255-894e-494c-83bd-736daedd1d5c
14,TCGA-KM-A7QH-01Z-00-DX1.8CBB8760-A00D-4289-AD09-959FEC2EC03C,TCGA-CJ-4899-01Z-00-DX1.D37DAF6F-9F3A-4A11-B4B6-37169AB592D9,TCGA-A3-3343-01Z-00-DX1.938861e3-e813-4954-838d-a3a64030bd4c
15,TCGA-KM-A7QL-01Z-00-DX1.2447532C-3635-4F36-952E-F5A5A566A7DB,TCGA-BP-4963-01Z-00-DX1.7e206961-5271-40d3-a96c-c529499afc7d,TCGA-CZ-4860-01Z-00-DX1.4e1e4ab7-d82d-437e-a403-5e4cc2647751
16,TCGA-KV-A6GE-01Z-00-DX2.994052CD-6514-479D-9264-798CEC620777,TCGA-CJ-5678-01Z-00-DX1.E71A7F98-7D7F-4DFC-920F-27000010217F,TCGA-BP-5192-01Z-00-DX1.a907179e-7b54-4315-bed1-6f1f12609cc9
17,TCGA-G7-6795-01Z-00-DX1.3467ceec-438d-49a2-8396-018ff67a1060,TCGA-A3-3328-01Z-00-DX1.8FA7DFCD-D6FD-4950-9E44-E5AB0B91E33D,TCGA-AK-3461-01Z-00-DX1.C63E8820-0A22-4567-B986-2958B4B73EA9
18,TCGA-A4-8515-01Z-00-DX1.94C9B5F6-9F1F-4D28-8F2B-034AAE18A2CE,TCGA-B2-3923-01Z-00-DX1.48a5a3fc-18cb-4417-9638-a73d17b81085,TCGA-B8-4622-01Z-00-DX1.4b46b786-3c2d-4520-a405-5ea10d346b74
19,TCGA-KV-A6GE-01Z-00-DX6.BAF3885F-8013-47CB-B9B1-C7F4FD0FB5E7,TCGA-T7-A92I-01Z-00-DX1.3B036C1D-F8A7-475F-9830-C0972AD3889F,TCGA-A3-3378-01Z-00-DX1.71ddeb47-c8e2-4ae8-b481-50f73c905e16
20,TCGA-Y8-A8RZ-01Z-00-DX1.30EA1B30-C162-40D8-AB23-A5405502B709,TCGA-T7-A92I-01Z-00-DX2.87A6A24E-42E3-4107-AE91-369C0D168556,TCGA-B0-5094-01Z-00-DX1.eac31fe2-09da-4ecf-8e25-c073cbb03295
21,TCGA-B9-A8YI-01Z-00-DX1.9CA926F1-33D5-4FC4-8F23-AF8AF4DC07A5,TCGA-T7-A92I-01Z-00-DX3.FC717D92-13BD-4968-8E82-0CC53EB6D5D1,TCGA-B0-5709-01Z-00-DX1.8e4b701a-1ef7-4d79-a562-0f316c696984
22,TCGA-A4-7288-01Z-00-DX1.48597193-160b-486a-9711-f26d24dabeb5,TCGA-BP-4351-01Z-00-DX1.48d043e8-8e71-48e7-8c72-9fafcf93df01,TCGA-CJ-5686-01Z-00-DX1.9DC91DB0-272B-485C-9F61-7F7C00915746
23,TCGA-BQ-7061-01Z-00-DX1.dfc7df2a-4789-477b-b53c-14cad8e76616,TCGA-CJ-6031-01Z-00-DX1.372B4225-F672-4E8F-9873-3A4FE6A7982A,TCGA-CJ-5677-01Z-00-DX1.46FEF9C4-445C-4046-9ACC-54402E3702A9
24,,TCGA-BP-4775-01Z-00-DX1.35a3f505-218c-4e34-912a-869d1f7b73a2,TCGA-CZ-4854-01Z-00-DX1.d44fdcf0-6f83-4792-aedb-d6efc97fce21
25,,TCGA-BP-4774-01Z-00-DX1.2451bdbc-a9a7-4ac6-95bc-d8e263356206,TCGA-BP-5000-01Z-00-DX1.0915cb6f-f9b1-4ea8-a227-cbc559db4c6a
26,,TCGA-B0-4839-01Z-00-DX1.0c13b082-d7e6-4327-b5cc-ab6bd99b78aa,TCGA-B0-4833-01Z-00-DX1.8fdfe3f1-fd35-48de-8b87-b68e901cd883
27,,TCGA-AK-3427-01Z-00-DX1.bddd6316-1f27-40d7-8cdc-e19e58ef420d,TCGA-BP-4974-01Z-00-DX1.97991078-9139-4bca-a5c7-0c6c66459df9
28,,TCGA-AK-3427-01Z-00-DX2.f79ddc05-97bc-49a0-9e0b-25f5e325555a,TCGA-AK-3443-01Z-00-DX1.bf067de8-9ca9-4be2-b064-2257ee323a09
29,,TCGA-B8-4154-01Z-00-DX1.b74b690e-366d-4eff-b216-c01a75596902,TCGA-B0-4817-01Z-00-DX1.92c7c348-7373-4ebc-9459-c8122e6eeb41
30,,TCGA-A3-3347-01Z-00-DX1.a06c9ca5-97d5-46a8-95e5-7bf9570a6dc7,TCGA-BP-5194-01Z-00-DX1.396df9e6-7305-4e25-9c15-64bbc431e568
31,,TCGA-B4-5832-01Z-00-DX1.0ED42E9A-83D1-4008-B775-A934E06D2629,TCGA-B0-5694-01Z-00-DX1.d33b7c17-1d59-467f-9f33-47158ab5bdf7
32,,TCGA-CJ-6028-01Z-00-DX1.7D61411B-8B96-4D9A-9CAF-46D22ED72F93,TCGA-DV-A4W0-01Z-00-DX1.B9EFDA21-A24B-46B2-999A-9E0865615D27
33,,TCGA-BP-4969-01Z-00-DX1.30906c32-0008-45d9-9a37-d468cfcb28e3,TCGA-DV-A4W0-05Z-00-DX1.873A695C-2FEC-4238-9DA5-45CBD2DF30D9
34,,TCGA-CJ-4894-01Z-00-DX1.9076806D-75AA-42E9-9EEF-B5A0541280B4,TCGA-B0-4694-01Z-00-DX1.beeee877-b7f3-4110-84e9-2db8be5667f5
35,,TCGA-CJ-4900-01Z-00-DX1.75AA0FB8-54AF-492F-867F-A7A4DA11FCAF,TCGA-A3-A6NN-01Z-00-DX1.4769C9A7-02D2-4080-8AA1-CD34F11CB344
36,,TCGA-CJ-4639-01Z-00-DX1.78EC26B2-D619-4E01-AD44-813201E96DBB,TCGA-BP-4169-01Z-00-DX1.f33af846-580f-4a85-9496-237edb239de1
37,,TCGA-A3-3319-01Z-00-DX1.38d515b4-6488-421a-9d61-d1e92d98ddbe,TCGA-AK-3447-01Z-00-DX1.3ed3ae76-21b2-46d0-bcb8-2d9ff54908ce
38,,TCGA-CJ-6033-01Z-00-DX1.5DD2C8F4-50E1-47C3-B5D4-058AE04095DD,TCGA-A3-3329-01Z-00-DX1.4da187d6-f0d4-4f4b-95d3-c12d660d4bb2
39,,TCGA-B0-5690-01Z-00-DX1.3f15b28e-03d0-43e9-b289-2697316f4e30,TCGA-B8-4151-01Z-00-DX1.70d1897f-f121-4e02-a028-91fadeff2229
40,,TCGA-CJ-4923-01Z-00-DX1.ADD3D7FE-46D1-49AF-B6D4-1FD07B761EF1,TCGA-A3-3385-01Z-00-DX1.c7b1827d-aa03-4622-a736-e6f27992b7cd
41,,TCGA-B0-4836-01Z-00-DX1.941575cb-e795-4c45-ab74-640e2684c340,TCGA-B0-5699-01Z-00-DX1.e53ec6c8-f6c1-4669-bcdd-c2d04acc6a08
42,,TCGA-A3-3306-01Z-00-DX1.bfd320d3-f3ec-4015-b34a-98e9967ea80d,TCGA-BP-4998-01Z-00-DX1.f3ea98d5-3807-47d3-bcd6-5501d7679b88
43,,TCGA-AK-3458-01Z-00-DX1.45890D8B-B66A-49C9-983A-4A2AD6722076,TCGA-A3-3358-01Z-00-DX1.1bd1c720-f6db-4837-8f83-e7476dd2b0a3
44,,TCGA-BP-4160-01Z-00-DX1.3d2b326c-6bab-46b6-999f-c9e244524926,TCGA-BP-5200-01Z-00-DX1.857a5a60-4cbb-4aa1-ad71-2de6e7e1df30
45,,TCGA-B0-5696-01Z-00-DX1.73c27995-9401-43bd-80ff-6ee9dadcbd5a,TCGA-BP-5004-01Z-00-DX1.46d61a35-7e4f-4fce-9785-8efe255852f0
46,,TCGA-BP-5182-01Z-00-DX1.7c434449-e102-47ca-ab56-94f0621811f6,TCGA-CJ-4637-01Z-00-DX1.5632396E-A880-4686-9E94-89E3F01AFBFB
47,,TCGA-BP-5008-01Z-00-DX1.55205080-0d2f-4abb-a2bf-9c0044b40a81,TCGA-A3-3320-01Z-00-DX1.81f8b962-a7a3-43ba-ab12-d92eb91f97b2
48,,TCGA-A3-A6NL-01Z-00-DX1.7796AE2F-CC39-4266-A740-DBB04ACA869D,TCGA-BP-4967-01Z-00-DX1.25615528-2d42-4b48-b086-2e851f4fee6e
49,,TCGA-A3-3363-01Z-00-DX1.6d933fa1-b68c-483f-819c-5a85f0389e6c,TCGA-AK-3445-01Z-00-DX1.FAD9A2F0-BDF8-445B-93C2-70AE41E246FB
50,,TCGA-B8-4619-01Z-00-DX1.2738922d-4a07-45b3-968b-83994e9a0ed6,TCGA-A3-3362-01Z-00-DX1.69196ce3-b7ec-4e76-966d-18aeb48f103c
51,,TCGA-B0-5116-01Z-00-DX1.48fbc5d2-2fda-4ad3-86ee-ab43fb0f56cb,TCGA-CJ-4642-01Z-00-DX1.C21B27E4-341C-471E-8CEE-820348D4F24A
52,,TCGA-B8-5159-01Z-00-DX1.12a9fb4e-2062-4e69-bd04-61eb2c1a7501,TCGA-A3-3352-01Z-00-DX1.a2f02c84-0201-417c-a719-7964f5fbfd3c
53,,TCGA-AK-3434-01Z-00-DX1.996B7B9A-9036-4C09-87DD-552170EE956D,TCGA-AK-3453-01Z-00-DX1.39B363CD-9995-4077-9C44-3A2F4792A510
54,,TCGA-B8-A54J-01Z-00-DX1.D9DA4491-BC23-4AA4-92CB-26956C78A034,TCGA-A3-3313-01Z-00-DX1.10f8cd5e-1c4f-4bb4-96f3-c612f093fc80
55,,TCGA-B8-5158-01Z-00-DX1.bf87760d-1ce2-4df9-a1a5-74f90d668ef2,TCGA-B0-5077-01Z-00-DX1.f2aac4d2-8db1-4f99-855e-705ac1eddbef
56,,TCGA-AK-3456-01Z-00-DX1.E853A155-6567-49B7-8364-C63BBEFC1339,TCGA-B0-5096-01Z-00-DX1.badbc354-928e-4f7c-9b3f-341154bafbac
57,,TCGA-B8-A54K-01Z-00-DX1.F23402E5-5F94-4B66-80C1-A136578CC450,TCGA-B4-5834-01Z-00-DX1.2E194BF6-D66C-45B3-B8A3-4ED429A3022A
58,,TCGA-CJ-4640-01Z-00-DX1.F5625E6F-1B5D-408A-982B-9A66103DF1CC,TCGA-B0-5117-01Z-00-DX1.d847a765-e0f0-4dfe-89e6-d85a1145e3ad
59,,TCGA-B0-5711-01Z-00-DX1.6839921f-ec08-4e94-8bf9-4b5a4fcdda45,TCGA-CZ-4861-01Z-00-DX1.c36faa05-5e3b-4711-897e-c91f84405870
60,,TCGA-DV-5566-01Z-00-DX1.715a6d3c-1172-4f06-8077-32d2a4efb5b3,TCGA-BP-4965-01Z-00-DX1.80afb4f3-e44e-4e99-8047-102be4aad2de
61,,TCGA-BP-4341-01Z-00-DX1.095921d7-ee43-4837-9dd4-263fe071ddb8,TCGA-BP-4964-01Z-00-DX1.b7ed6f65-4382-4f19-8fef-1e677cadde75
62,,TCGA-BP-4968-01Z-00-DX1.e2dfdd69-2fc4-4ed9-96aa-ad88424d2989,TCGA-BP-5190-01Z-00-DX1.1bc4a76e-f264-45fc-ad34-6c77593c4cc4
63,,TCGA-B0-4827-01Z-00-DX1.c08eeafe-d2d4-41d1-a8f5-eacd1b0e601f,TCGA-AK-3455-01Z-00-DX1.58C308CD-4338-47E2-A8B0-EA0649F33358
64,,TCGA-BP-4329-01Z-00-DX1.da54fc65-7cb6-4265-8d45-b373a59fa1da,TCGA-B4-5377-01Z-00-DX1.E4AA3C18-D6A3-47C5-9FA9-38238F075DAB
65,,TCGA-BP-4765-01Z-00-DX1.eeb51a80-0a8d-428e-ab84-92769b558a76,TCGA-CZ-5457-01Z-00-DX1.87f21980-bf6b-4da6-ae8e-f7fef7396d52
66,,TCGA-BP-4790-01Z-00-DX1.3b9a2273-c24f-4a25-b743-a649c08ce236,TCGA-B0-4849-01Z-00-DX1.979ac1bc-d04f-470d-bed2-85d3bd3cd912
67,,TCGA-B2-5636-01Z-00-DX1.31aff50a-fa20-4f89-85e4-bc2417c4db46,TCGA-B0-4818-01Z-00-DX1.b5b74b2d-0d2f-40b3-81c9-e2b570da5918
68,,TCGA-CJ-4875-01Z-00-DX1.0EB17121-9447-4856-BE2A-5CF671C63E55,TCGA-CJ-5672-01Z-00-DX1.E319BB3C-61C0-4324-A448-57B5EC921C17
69,,TCGA-A3-3382-01Z-00-DX1.38cdb806-248a-4030-8a47-b5ce266991de,TCGA-A3-A8OX-01Z-00-DX1.5A010A2C-0F08-4FF7-A78B-B42198DAF505
70,,TCGA-B0-5085-01Z-00-DX1.29c82ff0-9e4d-477f-a8d9-8931c69e58f8,TCGA-B0-5402-01Z-00-DX1.dc8a5519-2b6f-473e-9420-b26e59f7c4c9
71,,TCGA-BP-5007-01Z-00-DX1.3d9c2588-3310-4fbc-8bc0-7185e9b0d83b,TCGA-CZ-5469-01Z-00-DX1.5c3baf64-ab33-4b32-b5e7-b7e4f42b6051
72,,TCGA-CZ-5985-01Z-00-DX1.d04f9dbf-987e-4640-847c-9d263b15b4bc,TCGA-A3-3316-01Z-00-DX1.d6248cf8-7b02-4dce-8c91-1b91751cf1ee
73,,TCGA-BP-4346-01Z-00-DX1.e2f7b4ce-fbe8-482e-822e-ef428731f68b,TCGA-BP-5180-01Z-00-DX1.accba421-72e5-41f9-8830-ef4aa84e79ec
74,,TCGA-A3-3325-01Z-00-DX1.53D2B035-AD02-4B52-803B-1CE584C59175,TCGA-CJ-4918-01Z-00-DX1.FC5811FB-D6B4-479C-8A47-9023D0873319
75,,TCGA-BP-5191-01Z-00-DX1.4942ebf2-cef3-4cff-8430-b377d274952f,TCGA-DV-A4VX-01Z-00-DX1.9E7036DB-6DD7-4D25-93BD-298206C85EDA
76,,TCGA-B0-4813-01Z-00-DX1.8ea2278c-1446-4820-986d-79e4c0080b88,TCGA-BP-4353-01Z-00-DX1.b9fadea0-63df-4536-891f-38eaf9349798
77,,TCGA-A3-3387-01Z-00-DX1.01a24641-ab38-41bc-9151-48e262eb4826,TCGA-B0-4824-01Z-00-DX1.c454abac-df1a-4610-be22-49358c436f8d
78,,TCGA-BP-4971-01Z-00-DX1.182dfca9-308e-4cb6-8c29-2d9d3bae4f91,TCGA-B2-A4SR-01Z-00-DX1.CC86884F-7784-495E-AFA0-FE57E4E6BADF
79,,TCGA-BP-4983-01Z-00-DX1.6fe545db-0aee-49cc-93be-b87e9313b9d1,TCGA-A3-A8OU-01Z-00-DX1.5BF363CE-9DB1-40BB-9E77-CF930F12B1B8
80,,TCGA-B0-4847-01Z-00-DX1.d3846058-14c5-40c7-bee9-e2ffe42b5729,TCGA-CZ-5451-01Z-00-DX1.52404227-5c75-4cee-9da9-9176f3f3f89c
81,,TCGA-CZ-5989-01Z-00-DX1.c6fd2257-4742-4c4e-ade2-995f54f1cfa8,TCGA-B0-4706-01Z-00-DX1.a29630d2-be74-4245-8d47-2e1694bea5e4
82,,TCGA-BP-4349-01Z-00-DX1.ddae244f-3487-48d0-bf0a-358a73d97d27,TCGA-BP-4973-01Z-00-DX1.2f753bb4-d7f4-43fc-994a-f076e6d10c50
83,,TCGA-B0-4697-01Z-00-DX1.f897b21b-75c7-4ebc-86d9-8d783b39fefa,TCGA-A3-3367-01Z-00-DX1.9fca6a91-bb71-4632-8b20-e9f4d7030699
84,,TCGA-B0-5109-01Z-00-DX1.7d4f557d-d4f5-4c89-886c-49ff27fd063a,TCGA-BP-4992-01Z-00-DX1.3f676d40-00de-4eb4-971d-6b93ed165cf5
85,,TCGA-BP-4756-01Z-00-DX1.c807152d-3237-4842-af32-cfa7e53a542c,TCGA-B0-5098-01Z-00-DX1.d9298d58-2fd2-4cfd-9900-6e0b7ebfc9c9
86,,TCGA-AK-3465-01Z-00-DX1.17a6b1da-f8b4-4bfb-98f0-6cf6a71f27d7,TCGA-B0-5121-01Z-00-DX1.3e7c6f3c-998a-465f-a464-c301e71f2a89
87,,TCGA-BP-4961-01Z-00-DX1.4971f9c1-32b8-4eb2-b7a5-0985aaf83422,TCGA-DV-A4VZ-01Z-00-DX1.E724E339-6779-45CC-A938-60F8C490F3D7
88,,TCGA-B8-5553-01Z-00-DX1.1fd7ba5f-3a88-49f7-b904-c17797092897,TCGA-BP-4807-01Z-00-DX1.c985d6a4-5104-4b37-b7ab-2d357b89bac5
89,,TCGA-BP-4804-01Z-00-DX1.a998cc6f-408c-4144-9d8f-6a800bb85ced,TCGA-B8-5546-01Z-00-DX1.6c98ff0d-ffd9-46e7-9759-d3639e6dc07c
90,,TCGA-BP-4798-01Z-00-DX1.5f6fa5de-bdbc-4048-9948-c89a25a92fd5,TCGA-BP-4771-01Z-00-DX1.7b5ab331-81fe-4688-91ad-851a44191841
91,,TCGA-AK-3425-01Z-00-DX1.39FD616C-3050-41E1-BF80-D2069E492FDE,TCGA-GK-A6C7-01Z-00-DX1.291DEE77-CD13-4D8E-BA35-6EC15F45D264
92,,TCGA-CJ-4912-01Z-00-DX1.28805E39-F07A-40FF-8810-162BED671E17,TCGA-CJ-4634-01Z-00-DX1.565F5F92-0011-454D-9D1F-1F87603197F9
93,,TCGA-B8-4620-01Z-00-DX1.dc9f48a4-0c88-49c7-ae2e-92d3b5c74b16,TCGA-B8-4153-01Z-00-DX1.55bba0a1-79c2-475d-ae98-81a17d832ba6
94,,TCGA-BP-4981-01Z-00-DX1.9f97b4b6-e251-42dc-8d95-72c79063f344,TCGA-CJ-4882-01Z-00-DX1.C39D94E4-192C-4B0F-93E6-6A18AA9F11A8
95,,TCGA-B4-5843-01Z-00-DX1.6e020ad3-b4fc-4280-ab98-865eb075fe29,TCGA-CJ-5675-01Z-00-DX1.E0FF78EF-92AE-4C5C-A71D-AB44DBCDC934
96,,TCGA-BP-4987-01Z-00-DX1.6c63360c-7ac1-41f3-916f-214a4017e455,TCGA-CZ-5987-01Z-00-DX1.b9be10de-122d-4cef-961f-298c359e513d
97,,TCGA-A3-3323-01Z-00-DX1.8225cfd4-6b2c-48b8-bd78-fd574557b4e8,TCGA-A3-3324-01Z-00-DX1.43959e95-b823-4614-9552-52a432f7d115
98,,TCGA-BP-4972-01Z-00-DX1.912c5a3d-2c86-4c39-8c12-dcc0a18440e7,TCGA-DV-5569-01Z-00-DX1.6ac6fcb6-18df-4838-83eb-d339f8ce0722
99,,TCGA-B0-5697-01Z-00-DX1.45952baf-6ceb-475e-8d04-0a97adf37cf6,TCGA-B0-5710-01Z-00-DX1.1d30af81-4ce1-4574-9bca-c8f3e1f7f209
100,,TCGA-BP-5195-01Z-00-DX1.910fae7d-503e-4758-bb45-7c039ff9d179,TCGA-6D-AA2E-01Z-00-DX1.81E7420E-9C8B-4076-A604-F2B2AD3340D5
101,,TCGA-EU-5906-01Z-00-DX1.49598f26-e980-424e-be04-98c9f6cb3d25,TCGA-CJ-4638-01Z-00-DX1.DD6F1D27-5258-4831-A296-427338F6C9A1
102,,TCGA-CJ-5684-01Z-00-DX1.140EAE71-7E0C-43C0-ACA3-465D0B16A605,TCGA-A3-3383-01Z-00-DX1.47624bec-fdf1-48d6-8cd6-04cad2948117
103,,TCGA-CJ-6027-01Z-00-DX1.ADA07C08-C97A-4F41-9467-8F4F49F96EDA,TCGA-BP-4988-01Z-00-DX1.b037f17b-8fc7-46b2-adae-8e1140606fb7
104,,TCGA-B2-4098-01Z-00-DX1.d0dbc3f3-d381-4e80-954f-57aebb2c7103,TCGA-AK-3426-01Z-00-DX1.65794348-1156-4211-B63A-AE2FFF1B0C26
105,,TCGA-B0-4844-01Z-00-DX1.18c475a1-24a9-473b-82e7-0caa621d18b1,TCGA-B4-5378-01Z-00-DX1.E38DB70A-5A21-48E7-92BA-832F702772D5
106,,TCGA-MM-A564-01Z-00-DX1.F8F976F5-500F-4B3F-BF0E-EC3D126AF7D3,TCGA-B0-5115-01Z-00-DX1.f07e128b-5a67-409a-a420-ce953f291364
107,,TCGA-MM-A564-01Z-00-DX2.C54B9A26-7221-4B29-8331-6D8F8F52B058,TCGA-BP-4985-01Z-00-DX1.46854f1c-2f91-4990-b0ca-c76ff09bd835
108,,TCGA-B0-4816-01Z-00-DX1.6cc0b334-b885-4cdc-a2a8-cd3efaa2e241,TCGA-DV-5573-01Z-00-DX1.3c1c2107-9272-4335-9004-b9f78a93cfc5
109,,TCGA-A3-A8OW-01Z-00-DX1.B173FC44-8708-4255-AF01-9D8194F0BCA1,TCGA-B0-4690-01Z-00-DX1.efecabc0-bb34-41e4-b631-0b2043826124
110,,TCGA-AK-3428-01Z-00-DX1.E437BB00-F731-4B71-9A78-5BC7CA0F08AF,TCGA-A3-3349-01Z-00-DX1.206c2817-1b93-4fdf-8128-3f6e3b4935b6
111,,TCGA-BP-5181-01Z-00-DX1.cc8df798-7f23-43a8-abb4-96e84afa2271,TCGA-CJ-4888-01Z-00-DX1.3C25F016-BC38-4B8A-9DCF-6ACCDEEC2525
112,,TCGA-BP-4768-01Z-00-DX1.f56632b8-79d2-440d-a137-b9f667e4ef54,TCGA-CJ-5682-01Z-00-DX1.3EF3DECB-B0D4-4963-9817-087F79844DA2
113,,TCGA-AK-3440-01Z-00-DX1.ea0763b1-4262-4c75-9f76-080af1ffeab7,TCGA-CZ-4864-01Z-00-DX1.4c3b083b-cfd3-4b75-9a5f-49286af1b433
114,,TCGA-B0-4810-01Z-00-DX1.c3874ffc-31ff-41c3-a474-48e2ff90783c,TCGA-CZ-5461-01Z-00-DX1.0a5231b0-7d37-470f-8497-5f1fb5e42d86
115,,TCGA-B0-4852-01Z-00-DX1.b3511f16-8d4e-4fa4-9f67-8309f277f167,TCGA-EU-5905-01Z-00-DX1.f83b5cb0-7295-4f67-acac-cc1768b07c60
116,,TCGA-BP-5174-01Z-00-DX1.d6f8427f-fbbe-4582-a020-ede5675a7e76,TCGA-EU-5907-01Z-00-DX1.22c3e851-d286-437f-b7ac-50350a001888
117,,TCGA-CJ-4871-01Z-00-DX1.B944523E-7380-4C02-A3C4-B337A41AEDD9,TCGA-BP-4787-01Z-00-DX1.8bac7e59-04be-43a6-8656-501bf157452c
118,,TCGA-A3-3357-01Z-00-DX1.b85a8293-7b4f-4a8a-b799-77d7d7b39b3e,TCGA-AK-3433-01Z-00-DX1.53f1ec0a-bb16-4899-bdc7-99c6e61f729e
119,,TCGA-BP-4758-01Z-00-DX1.f30694f7-b54f-43d8-a71c-0558caf0621c,TCGA-CZ-4857-01Z-00-DX1.90c14c89-55ff-40dd-a721-e0c29aa10de9
120,,TCGA-BP-5187-01Z-00-DX1.638c8e8b-090f-4312-89ad-92ccfc1eaa7b,TCGA-A3-3372-01Z-00-DX1.6a238433-934b-4a03-a35e-4728658eea84
121,,TCGA-BP-5168-01Z-00-DX1.7300af72-5dae-4b4c-bb73-62be8720006e,TCGA-B2-4101-01Z-00-DX1.ea5f7fc4-e8f5-45ad-b439-f39c5c26fb63
122,,TCGA-CZ-5465-01Z-00-DX1.1b6e44b4-cfa8-4804-a5d5-b50876b95669,TCGA-G6-A8L6-01Z-00-DX1.4B152639-AA5E-45C2-94AF-33549D343ED0
123,,TCGA-DV-5574-01Z-00-DX1.29e43c01-6f4b-4e06-8097-bbe69a187de0,TCGA-B0-5812-01Z-00-DX1.668e75ce-2d02-47aa-9ce4-9931dd53e9a4
124,,TCGA-B8-5162-01Z-00-DX1.3e999548-f3b9-46ca-b51a-d20735e1249b,TCGA-B8-A8YJ-01Z-00-DX1.31A6E902-8704-4241-9BC0-EBD64309DEE7
125,,TCGA-G6-A8L7-01Z-00-DX1.6EE9797B-5DBA-48D9-A62A-9C9791CC54AE,TCGA-CZ-5988-01Z-00-DX1.7ba4c0f1-0301-4128-819a-15958727dba7
126,,TCGA-BP-4959-01Z-00-DX1.2f8b4ccb-c280-48e3-b901-50ef83e56669,TCGA-BP-5184-01Z-00-DX1.b682d92b-fc7b-4a8c-a0f3-d1e3a309f136
127,,TCGA-B0-4811-01Z-00-DX1.8872dd8e-d119-4928-8639-801bf89ddd6a,TCGA-A3-3336-01Z-00-DX1.F2848BBF-DCDF-4AB0-837C-99A88CC5A49A
128,,TCGA-B8-A54I-01Z-00-DX1.76B5A794-746B-47DC-A771-3B56F24EF28B,TCGA-B0-4821-01Z-00-DX1.794eb92f-941b-46a8-9aba-fa702408b772
129,,TCGA-BP-4355-01Z-00-DX1.d66c8a3b-0bc0-4a40-93e7-005bef5cf25c,TCGA-CZ-5463-01Z-00-DX1.3abac01c-cdd3-4ea2-9a2e-ac0bae861fc1
130,,TCGA-A3-3311-01Z-00-DX1.9674290b-42c6-4107-9eb3-a7d712fbf858,TCGA-B0-4845-01Z-00-DX1.1d063483-26f6-4534-9fb0-f66f5d46a38c
131,,TCGA-B0-5075-01Z-00-DX1.09207440-8016-4053-ba10-864744c3508c,TCGA-CJ-5680-01Z-00-DX1.116A7D3A-9505-40B7-AAB3-DC48A85AEAE9
132,,TCGA-B0-4819-01Z-00-DX1.4ce81ca5-c546-4d52-895f-092b43635dfc,TCGA-B0-4718-01Z-00-DX1.24cc8660-df2d-4910-ae5d-68b6ab6feb57
133,,TCGA-B8-A7U6-01Z-00-DX1.43BCA7B2-823E-4F38-BCF0-865E0FFF892A,TCGA-CZ-5455-01Z-00-DX1.f62e1d32-8a1e-4708-a0ba-93516a0b3dab
134,,TCGA-CJ-4913-01Z-00-DX1.47D39794-A772-41CA-8921-65B7FD5C6006,TCGA-CZ-5470-01Z-00-DX1.5d2b135c-a5e2-4e8a-a8bc-068239738f24
135,,TCGA-B0-5113-01Z-00-DX1.db0ceba9-8e15-4308-bd78-dc587f5606a0,TCGA-B8-4143-01Z-00-DX1.44100402-0862-4e68-83fa-c8fb6536563a
136,,TCGA-BP-4166-01Z-00-DX1.e27fcaa7-7d9a-48db-8bae-518a10bde786,TCGA-B4-5838-01Z-00-DX1.0CC46AA4-5C2C-46FD-9C94-BD96FF287218
137,,TCGA-CJ-4870-01Z-00-DX1.38991588-D25A-48F6-80B5-51ED34AA8D35,TCGA-BP-4352-01Z-00-DX1.fc671377-0f49-4a28-93fe-0409be6a7473
138,,TCGA-B2-5641-01Z-00-DX1.f8058caa-63f7-421d-9953-c060913c3404,TCGA-BP-4335-01Z-00-DX1.95cac7ed-483b-40d7-8bbc-dcd0920cc342
139,,TCGA-CJ-5671-01Z-00-DX1.B5C9CA9F-A061-42EC-9A19-F0702F1577E5,TCGA-A3-3331-01Z-00-DX1.13afd793-4360-43db-9c99-1e72e4b158d7
140,,TCGA-BP-4330-01Z-00-DX1.9d3bec1f-552e-4515-b467-828b8f76503d,TCGA-CJ-5679-01Z-00-DX1.659CD853-BC8A-474D-9EEF-32FF73CFC12F
141,,TCGA-BP-5186-01Z-00-DX1.d4aa0ed3-0eb7-4317-ba06-decced7e57f1,TCGA-B8-5551-01Z-00-DX1.eafbba65-d1ae-49e2-9253-5de17ebcb713
142,,TCGA-BP-4777-01Z-00-DX1.d974c34b-6e2e-419e-8d4e-674380f313ba,TCGA-B0-4848-01Z-00-DX1.ceef08c2-711e-434f-a1de-71b538be2fd4
143,,TCGA-BP-4986-01Z-00-DX1.5ec99523-8b9a-482a-8e74-f5b9a076a986,TCGA-B2-5639-01Z-00-DX1.96ee3f26-65d8-4c4a-ad5b-eb396627f5bb
144,,TCGA-B0-5703-01Z-00-DX1.c358bcd6-0d76-459d-862d-041ab3ebb496,TCGA-B8-A54E-01Z-00-DX1.336165F7-BBAC-4FA8-B776-E12483C60B62
145,,TCGA-B0-4712-01Z-00-DX1.b584d650-4bdd-452c-9926-18a1a8388d91,TCGA-B0-5080-01Z-00-DX1.488e6d8d-2cd8-4fa5-a5fb-2c2c54a36dcb
146,,TCGA-AK-3451-01Z-00-DX1.1CC3099A-F2E1-43D6-B9AC-8DC640ABB014,TCGA-CJ-4644-01Z-00-DX1.130EA9F0-3583-492D-96DF-7BE75F3F4624
147,,TCGA-A3-3365-01Z-00-DX1.dc5b8d77-b5ba-47c8-b536-a8f1ed458ed3,TCGA-CJ-4890-01Z-00-DX1.4CD542E0-5057-477E-B578-17FE98A503FD
148,,TCGA-A3-3365-01Z-00-DX2.f6512c55-1887-495f-b628-9ee203ad59e9,TCGA-B0-5119-01Z-00-DX1.0efec19e-0a46-4951-926b-d172fb90b2a1
149,,TCGA-B0-4699-01Z-00-DX1.18b6d6e7-6e37-4bcd-922c-ce81e2e81067,TCGA-CZ-5459-01Z-00-DX1.300c3ae5-9e88-4336-9807-a61cd71d4f1b
150,,TCGA-A3-3380-01Z-00-DX1.67e52764-4c94-42b5-a725-4f61a86b49fe,TCGA-B0-5120-01Z-00-DX1.ea9b8cee-f81d-4289-9c1f-30729a34ac04
151,,TCGA-BP-5178-01Z-00-DX1.4d59b151-8cc6-451a-b009-a4f3a46ae653,TCGA-CJ-4904-01Z-00-DX1.D6315769-36A6-433B-8ED3-85A954A63DE1
152,,TCGA-BP-5202-01Z-00-DX1.d7e64bbb-d747-4a01-a5d6-26ad5a1e8a13,TCGA-BP-4763-01Z-00-DX1.6f3d1ec1-6404-42a9-9668-2cf0ac931a46
153,,TCGA-CZ-5982-01Z-00-DX1.b7659f4b-921e-42d9-a691-2b2262a2bfb3,TCGA-BP-5189-01Z-00-DX1.cfffe175-da76-4edd-9187-0570a877127b
154,,TCGA-A3-3308-01Z-00-DX1.bbd79ced-9fb9-4601-8ba0-b343da5f6f5b,TCGA-CZ-5986-01Z-00-DX1.a932e2c0-41e3-4c88-a973-59d57d6dcdcc
155,,TCGA-A3-3335-01Z-00-DX1.b36f9bd5-d005-4d81-ac3e-c768502ca06b,TCGA-BQ-7053-01Z-00-DX1.a5197a8b-5636-4999-9079-373bd4564ced
156,,TCGA-B8-4148-01Z-00-DX1.B27E1027-0740-46B2-91FA-FE018746D81F,TCGA-SX-A7SQ-01Z-00-DX1.CC608F45-80AA-49DA-9172-B706DD833889
157,,TCGA-A3-3359-01Z-00-DX1.D473A2D2-AE66-469D-80A1-584598335E17,TCGA-A4-8312-01Z-00-DX1.B59C24F4-205D-40C1-8DB3-4D78AE8D5826
158,,TCGA-CJ-6032-01Z-00-DX1.37FA1176-310F-4A01-B944-501129FB797D,TCGA-P4-AAVO-01Z-00-DX1.F4174F1A-77C2-4C1E-B660-F17EF541236A
159,,TCGA-A4-A5XZ-01Z-00-DX1.91B936FA-1697-4571-800D-F45B68596A58,TCGA-B3-8121-01Z-00-DX1.1F484841-E8CA-4783-B75A-7923A11D5BDA
160,,TCGA-EV-5901-01Z-00-DX1.3747c586-69ab-4607-994e-7802cdbe7627,TCGA-2Z-A9JK-01Z-00-DX1.C2A22DB8-EF09-430C-ACCA-542F1CA6A45C
161,,TCGA-IZ-8196-01Z-00-DX1.A9F5A541-FDDC-4533-B756-218550744EB0,TCGA-2Z-A9JT-01Z-00-DX1.2423E4DC-54B3-4D4E-9B20-3D6F06094489
162,,TCGA-IZ-8195-01Z-00-DX1.CC45F225-99E9-437C-8105-5B6F1D87C200,TCGA-5P-A9K2-01Z-00-DX1.E89BEA4D-E0DA-4A5B-8938-C88332B67E03
163,,TCGA-SX-A71S-01Z-00-DX1.7E7ED612-4BB0-4599-9BBA-8E0F8F5C66D1,TCGA-BQ-5891-01Z-00-DX1.8e19c5b6-693e-4f65-b1ce-ab1e9ca960ec
164,,TCGA-GL-A4EM-01Z-00-DX1.40D84E7D-B7F9-40A8-B411-645403CB0B9E,TCGA-F9-A97G-01Z-00-DX1.AD772BDA-5C18-43B1-A337-7FF6E09A9DB6
165,,TCGA-UZ-A9PX-01Z-00-DX1.C02621B3-65B6-48A6-A291-889A685A1403,TCGA-4A-A93W-01Z-00-DX1.3F8E704D-C10C-451F-8CDD-328BDBEEFAF2
166,,TCGA-BQ-5877-01Z-00-DX1.3060d47f-0bc6-4a81-82ba-bf596d790f0f,TCGA-2Z-A9JJ-01Z-00-DX1.70CE98C1-3591-42E8-997A-95BE00413565
167,,TCGA-2Z-A9JM-01Z-00-DX1.57F0B96B-E171-418E-8B89-AF434B4E0DB9,TCGA-BQ-7045-01Z-00-DX1.787c4448-040f-42f3-a51e-6564a935a5b6
168,,TCGA-UZ-A9Q1-01Z-00-DX1.81177E0C-A9E4-4CAC-8E8F-354218753202,TCGA-Y8-A897-01Z-00-DX1.2FE4B0F6-6BC3-4238-A7C5-B1B74884193C
169,,TCGA-EV-5903-01Z-00-DX1.04ef7cdf-b282-4ad3-917d-31bb7b379559,TCGA-BQ-5875-01Z-00-DX1.8dfe43ac-98ed-49b7-9da0-8a831f323edd
170,,TCGA-5P-A9K6-01Z-00-DX1.CAFA0CE2-7C9B-4825-8221-47CA012505BF,TCGA-A4-7915-01Z-00-DX1.856b7fe5-bb58-48a4-a967-52d4e947a814
171,,TCGA-A4-7996-01Z-00-DX1.19a1ff6e-eddb-4d9b-ab3a-938d10876c59,TCGA-P4-A5E6-01Z-00-DX1.1EDE26CC-47BE-4931-807C-51D1C469670F
172,,TCGA-A4-7734-01Z-00-DX1.bb749d31-64c6-4b2e-a729-3a903e18fc1c,TCGA-G7-6789-01Z-00-DX1.17c821de-0db5-48e8-b2a3-67654dbae7c2
173,,TCGA-A4-7583-01Z-00-DX1.c958bf2d-ad61-4b21-93fd-afb5ac110e55,TCGA-A4-A4ZT-01Z-00-DX1.AC68E09D-FE10-409E-98A5-28A54343C87E
174,,TCGA-UZ-A9PO-01Z-00-DX1.FEE0D89A-5E44-48C2-AC7E-00D60D5E01CB,TCGA-UZ-A9PV-01Z-00-DX1.1E5D118D-0410-4E81-8B29-F1F6F26BDC69
175,,TCGA-BQ-5881-01Z-00-DX1.5eff6d78-773a-49d6-be59-de63172d543c,TCGA-MH-A562-01Z-00-DX1.422B7AF0-DF11-4B89-958D-66D0529ADB84
176,,TCGA-MH-A854-01Z-00-DX1.DB5B7519-1C0F-4328-A128-FA17C2F29064,TCGA-Y8-A894-01Z-00-DX1.B8EDB990-C0E6-4653-9AD4-AB3A4065C313
177,,TCGA-A4-A7UZ-01Z-00-DX1.E4E81CA8-EF84-4039-8310-CB900441C1D9,TCGA-HE-7130-01Z-00-DX1.1E46B522-6A18-4286-B84A-4C7FFD3B4833
178,,TCGA-A4-A5Y0-01Z-00-DX1.9DAC8A20-9DA3-4B67-A4A5-A7C28CA95A56,TCGA-V9-A7HT-01Z-00-DX1.128997AA-B00E-48BA-8936-4F3A65C6A6E3
179,,TCGA-SX-A71R-01Z-00-DX1.0B4C4C57-1759-4416-85B3-EB52CD181AFA,TCGA-G7-7502-01Z-00-DX1.2ba28bc2-1b3a-415f-ba2b-26b2e76de731
180,,TCGA-5P-A9K3-01Z-00-DX1.62D4F07B-C8DC-4502-8D85-58B1C58883B2,TCGA-BQ-5892-01Z-00-DX1.f3a4da33-2b60-4b8e-b623-7b6237106a4c
181,,TCGA-HE-A5NF-01Z-00-DX1.74ABE42F-E64E-4550-AD8B-8B6DCEA84FE7,TCGA-UZ-A9PK-01Z-00-DX1.DCC24D30-BCA1-4481-B29E-6A156D670A63
182,,TCGA-SX-A71V-01Z-00-DX1.D8BA1689-B98C-4E22-AD8B-22D86F9E8D7C,TCGA-2Z-A9J2-01Z-00-DX1.AC19245F-B3B9-4A3A-89A3-A8B2E4BD988A
183,,TCGA-2Z-A9J7-01Z-00-DX1.9DB458BA-8AB0-4ECF-A3F9-5851A7A59759,TCGA-5P-A9KF-01Z-00-DX1.E35ED527-BD60-4534-B23A-D4DDACA2EB6D
184,,TCGA-HE-A5NL-01Z-00-DX1.913399D7-F66A-4163-8D98-494CFAA600EC,TCGA-AL-3468-01Z-00-DX1.F86A4811-D60C-4845-A7A5-B7C7BE202202
185,,TCGA-P4-AAVK-01Z-00-DX1.D23DE669-A54A-4921-AB4C-398A2ED7CB93,TCGA-AL-3468-01Z-00-DX2.B7D8DCCE-C015-4284-96EF-ED7F4A7771B7
186,,TCGA-AL-3473-01Z-00-DX1.F3F992D2-D920-4791-A396-978D6E5529DE,TCGA-J7-8537-01Z-00-DX1.B12AEE27-040A-477F-86D2-58F0CEA38456
187,,TCGA-AL-3473-01Z-00-DX2.B1F73FC7-01EA-4B25-851F-A51B389DAA4A,TCGA-J7-8537-01Z-00-DX2.94202120-69A5-4223-9F53-5504FC9C6232
188,,TCGA-F9-A7Q0-01Z-00-DX1.D7C7E174-CBB3-4489-A327-3C4000CA53B1,TCGA-J7-8537-01Z-00-DX3.E536E7F6-FFDC-46AF-9023-E5ACB3865C12
189,,TCGA-B9-4617-01Z-00-DX1.d890e850-cc29-49f8-b854-cbe9a9a73c95,TCGA-BQ-7058-01Z-00-DX1.b2419f7a-e4af-467d-a0ee-c00b7ac33bdc
190,,TCGA-B9-A8YH-01Z-00-DX1.DCA30E64-FDE3-49EE-99FB-00EEEDC0420B,TCGA-SX-A71U-01Z-00-DX1.B9EE44DF-28BC-4F45-9E21-418893A033C9
191,,TCGA-P4-AAVL-01Z-00-DX1.6A86A318-057A-468D-826E-3B5C8B224266,TCGA-B9-A5W8-01Z-00-DX1.4AF63260-F90E-4F41-83E6-BC5FBC7F71ED
192,,TCGA-F9-A7VF-01Z-00-DX1.5EE5DC2E-B20F-4155-837F-B69E05F2BF95,TCGA-BQ-5890-01Z-00-DX1.89720b5b-5b20-49ec-958d-b67f8f1b2673
193,,TCGA-2Z-A9J5-01Z-00-DX1.ABD15820-58CA-4765-ACB3-6601FC5C9F24,TCGA-DW-7836-01Z-00-DX1.A8A28E5B-0D97-42D5-B04E-BD0D007CC30A
194,,TCGA-WN-AB4C-01Z-00-DX1.9A983740-01DA-42EB-BC00-B10A581C519F,TCGA-2Z-A9J6-01Z-00-DX1.EBF72BB6-C4B0-4BA8-820F-8BAE10DF20A2
195,,TCGA-G7-6797-01Z-00-DX1.a19f9720-72cc-43a4-a081-1adc9ff37fe1,TCGA-A4-7287-01Z-00-DX1.f69967b8-efb3-452d-9f0d-2ddb08cbbe08
196,,TCGA-B3-A6W5-01Z-00-DX1.96E31A69-6D56-4520-8AF3-C083FB49A7DB,TCGA-AL-3466-01Z-00-DX1.938976FB-8A0A-426B-B673-7C485D28ADF6
197,,TCGA-B3-A6W5-01Z-00-DX2.B7C13C84-9D45-4285-8D7F-8FE148E9F42F,TCGA-AL-3466-01Z-00-DX2.8E4372BE-42C2-4FD7-9CD8-78CC66E3E434
198,,TCGA-A4-8517-01Z-00-DX1.637AFB7A-BB67-40D6-AA45-4F119D73D0DD,TCGA-O9-A75Z-01Z-00-DX1.BC6BD21E-6875-4182-B143-B1F656229416
199,,TCGA-DW-7839-01Z-00-DX1.A532D9CE-7D14-47B8-8AB3-524F4C7364BE,TCGA-UZ-A9PL-01Z-00-DX1.A7927C7B-9304-40F4-894C-64A953D8F67B
200,,TCGA-DW-7842-01Z-00-DX1.939166CE-37A9-4906-8D45-E10C2EEE3CA3,TCGA-BQ-5880-01Z-00-DX1.c1d047b5-0fce-4f4f-b888-5ecbb6762cc8
201,,TCGA-MH-A560-01Z-00-DX1.C23332C9-E3B8-4018-BD2D-4EEC759D76D4,TCGA-F9-A4JJ-01Z-00-DX1.2A001EAC-7B8A-4ACC-95EA-EC234F013310
202,,TCGA-MH-A560-01Z-00-DX2.FE12791C-8C7D-4FF6-B79C-EA9D2B3B784F,TCGA-B9-A69E-01Z-00-DX1.4F669BCD-2FCD-4278-BE05-31127BEEC98B
203,,TCGA-DW-7838-01Z-00-DX1.08AE47C1-7A7C-4D7A-A485-13F37341D1AC,TCGA-5P-A9KH-01Z-00-DX1.BC3B786A-28A7-46F0-9636-6937129D75F2
204,,TCGA-SX-A7SU-01Z-00-DX1.3EB1265B-F8CF-4703-88DB-7DC4E1D7E9C8,TCGA-MH-A857-01Z-00-DX1.D51AFCBE-D104-4B54-AC38-2DBF1E0066E9
205,,TCGA-BQ-5882-01Z-00-DX1.c360e990-452e-4621-bd79-fe1dabf15ed0,TCGA-UZ-A9PJ-01Z-00-DX1.088CD0AD-C063-47E4-8398-324A8E7369D7
206,,TCGA-B1-A47M-01Z-00-DX1.B049A5A8-406C-4208-BB5E-2CA42D063D16,TCGA-SX-A7SL-01Z-00-DX1.A3C414EF-9AB0-43E0-A833-D1782B633F07
207,,TCGA-BQ-5889-01Z-00-DX1.006cf530-5534-4183-bef6-17e038dc98d8,TCGA-P4-A5E8-01Z-00-DX1.71EDB6C0-3FA1-4380-BFDB-C1B757E83C3A
208,,TCGA-B9-7268-01Z-00-DX1.6F3C101D-49F1-43B4-AFEB-C5F55054E27D,TCGA-2Z-A9J3-01Z-00-DX1.6B0E7DF6-733D-4007-84A3-E67BBC4966A6
209,,TCGA-BQ-7048-01Z-00-DX1.656594d9-dfe1-416a-81bb-12e5cf46d0e5,TCGA-EV-5902-01Z-00-DX1.dfbe9f70-a570-422e-a883-4b2f0e9a3024
210,,TCGA-Y8-A896-01Z-00-DX1.45CEAD98-A2D0-4FE0-8FD3-950119AB9BDB,TCGA-BQ-5883-01Z-00-DX1.39ab2684-a82c-43d7-8134-e2c5830a5688
211,,TCGA-IA-A40Y-01Z-00-DX1.E8D91A02-A0BD-4974-8CF9-68DC1AF506EF,TCGA-2Z-A9JD-01Z-00-DX1.46779418-49C3-4E76-BFC7-1711219548A7
212,,TCGA-BQ-5876-01Z-00-DX1.290a8bb2-ef37-4944-aff9-cbc2509de32a,TCGA-AL-3467-01Z-00-DX1.89C0449A-A38F-4614-86FC-DDFD925086D7
213,,TCGA-B9-4113-01Z-00-DX1.91e4a568-8f5b-4726-8352-94adf056f912,TCGA-AL-3467-01Z-00-DX2.3ADEDD93-AD93-46D8-B3AE-1EBC6BD5EAF2
214,,TCGA-IZ-A6M9-01Z-00-DX1.FA87A9BF-1FC0-4D14-BD54-2B3C66F338F9,TCGA-BQ-5887-01Z-00-DX1.53c6100e-4ce4-4863-a987-ee0fe30f2e01
215,,TCGA-B3-3925-01Z-00-DX1.cb28f651-66c0-4746-a5df-b382d9d267c2,TCGA-PJ-A5Z9-01Z-00-DX1.2461740D-4E9C-422A-9138-F4C9937D36E1
216,,TCGA-Y8-A895-01Z-00-DX1.3F0C49CF-991F-495F-8E0D-D51F7393E271,TCGA-B9-5156-01Z-00-DX1.200621df-b59f-4c69-957c-65aebfe855a8
217,,TCGA-G7-6792-01Z-00-DX1.450a6858-3f25-4d1e-a6f5-67289e33e3de,TCGA-G7-A8LB-01Z-00-DX1.1D3AC235-837A-4E39-9FAA-D7F4E9F5939D
218,,TCGA-Q2-A5QZ-01Z-00-DX1.66131B27-D89A-4BCC-A25A-1A4B9682199C,TCGA-4A-A93X-01Z-00-DX1.A80225A4-9C74-4920-ADFC-7163719FB0BA
219,,TCGA-Y8-A8RY-01Z-00-DX1.E111130F-F693-4A13-8F9C-13BF7974AEF0,TCGA-4A-A93X-01Z-00-DX2.45011BF1-FED8-4D22-B5E1-C63DC384FD2A
220,,TCGA-P4-A5EA-01Z-00-DX1.21DE2F39-A8B1-4482-9E7C-C67ABEAB4C32,TCGA-DW-7840-01Z-00-DX1.797DFE79-C506-4F49-812F-B19F3C440D7A
221,,TCGA-GL-7966-01Z-00-DX1.D53E267B-BC0D-43A7-8E89-FCCC2BD5380C,TCGA-B3-3926-01Z-00-DX1.c08ae7f5-da56-497b-899a-025697f03ff1
222,,TCGA-Y8-A898-01Z-00-DX1.DB759C9A-0A6C-4F57-8AAB-D1B1DFDE44EC,TCGA-A4-A772-01Z-00-DX1.E703D8D9-5CEF-4AA7-AAE4-897833BBA278
223,,TCGA-GL-A59T-01Z-00-DX1.93128005-E121-4B81-9E9E-B05EAB93230E,TCGA-5P-A9JZ-01Z-00-DX1.882DD175-62F1-4CCA-9B17-D79D80D7B75C
224,,TCGA-BQ-5888-01Z-00-DX1.77e4e7b3-2515-464f-97cc-21be0dda33e5,TCGA-UZ-A9PS-01Z-00-DX1.3CAF5087-CDAB-42B5-BE7C-3D5643AEAA6D
225,,TCGA-HE-A5NJ-01Z-00-DX1.69FC80A0-39FD-4E75-8351-6F3BB3CEF1D9,TCGA-BQ-5885-01Z-00-DX1.5311f60f-0291-4396-ae4c-4228b73188da
226,,TCGA-A4-8630-01Z-00-DX1.D00486C1-1E74-4B8A-AC00-9E2365F20383,TCGA-BQ-5894-01Z-00-DX1.8fa5886a-0e66-4fe1-9c96-14b9d8d13db7
227,,TCGA-2Z-A9J1-01Z-00-DX1.07E7992F-1AC5-4E34-8A4E-E5AB0A18EA46,TCGA-PJ-A8JU-01Z-00-DX1.5A8F60DB-75DD-43DD-B74D-75CA587549B8
228,,TCGA-B9-A44B-01Z-00-DX1.0DB33EE7-EA4F-45E1-A90D-E5635383E6F7,TCGA-B1-A47N-01Z-00-DX1.DFEAF807-D0FB-4967-8E50-07B42ECABFE5
229,,TCGA-BQ-7056-01Z-00-DX1.33a679b4-c0cc-4d96-bcc0-f8c62cf1ae3c,TCGA-DW-7963-01Z-00-DX1.B29C89E1-FC44-4565-97EC-DCBE7C0973B1
230,,TCGA-5P-A9K4-01Z-00-DX1.7639BB1D-6FE4-438C-8610-D7F9E0B8D370,TCGA-5P-A9JU-01Z-00-DX1.7E42A7A6-A565-4D78-990F-C4E7539E494A
231,,TCGA-HE-7128-01Z-00-DX1.29FBDF7D-24CE-44F8-B72F-1A403042F8E2,TCGA-A4-8098-01Z-00-DX1.2ac5ab19-544e-4ba5-8b82-7810dcd45fa4
232,,TCGA-A4-7732-01Z-00-DX1.e5038a3e-cdc3-4301-adcb-dfa05280389c,TCGA-DW-5560-01Z-00-DX1.d3da6f16-6a12-417b-8555-585f5097d4f4
233,,TCGA-G7-A4TM-01Z-00-DX1.F7F3F097-C8E5-467E-BAD2-2FB66076C40B,TCGA-G7-A8LC-01Z-00-DX1.68B9AD1D-B70E-452F-AB01-74D64362A35D
234,,TCGA-KV-A74V-01Z-00-DX1.1B0131DE-9BDF-4BC8-BEB8-64C5AAD1D284,TCGA-AL-3472-01Z-00-DX1.66FF9A6E-2851-4E32-A10C-62EB7568AFC3
235,,TCGA-UZ-A9PM-01Z-00-DX1.059B869D-B4B4-45FE-BEFC-AA2896122C83,TCGA-AL-3472-01Z-00-DX2.C7BF0356-F099-4070-8824-1AC3339E9F59
236,,TCGA-5P-A9KC-01Z-00-DX1.F3D67C35-111C-4EE6-A5F7-05CF8D01E783,TCGA-2Z-A9JR-01Z-00-DX1.5F5DB6AD-BBEE-4D36-995F-56A78B6BFFE2
237,,TCGA-GL-A59R-01Z-00-DX1.7B0AC43C-F74B-485E-8A6C-2DDFB017BDBF,TCGA-2Z-A9JQ-01Z-00-DX1.2B60CD27-C443-46D3-80E2-EAAE2EF81C90
238,,TCGA-SX-A7SS-01Z-00-DX1.8D9E6599-DA42-4F5B-93FF-08CBDCC77591,TCGA-IA-A40U-01Z-00-DX1.6E395B5D-0460-41A6-B550-A068A9C7D744
239,,TCGA-G7-7501-01Z-00-DX1.9d079751-475f-4e04-9c64-e626d543439d,TCGA-J7-6720-01Z-00-DX1.049801b6-0f22-44cf-a12c-b46f2aa3ee6b
240,,TCGA-5P-A9JY-01Z-00-DX1.C10E8887-2AFA-44A5-A6E2-03456448781A,TCGA-UZ-A9Q0-01Z-00-DX1.D81A8109-505F-4929-B723-D4AB6404C712
241,,TCGA-A4-8518-01Z-00-DX1.D521C865-A3A0-4C23-B36C-D58BB73A3007,TCGA-A4-8310-01Z-00-DX1.62A765FE-C8B8-4017-A37A-CD7B66CB07AD
242,,TCGA-AL-7173-01Z-00-DX1.91ba65ea-9eca-4ee0-b31b-95a3a27cfb81,TCGA-5P-A9K0-01Z-00-DX1.8A9B8934-BB3D-4343-A0A4-D6F2FF82D745
243,,TCGA-IA-A83V-01Z-00-DX1.EE259178-18DB-4C20-9325-C53C4F002BB7,TCGA-2Z-A9JL-01Z-00-DX1.C99E66C8-3CB7-4F07-B2A4-089187612E38
244,,TCGA-KM-A7QC-01Z-00-DX1.4B44EEAA-FA1C-47F9-852F-68EE45E09D5E,TCGA-UW-A7GP-01Z-00-DX1.C997CBA5-AF20-4CB3-9CB3-82AA65146EF5
245,,TCGA-KL-8327-01Z-00-DX1.f3009cdc-baf7-45ba-95a6-1b6311799cc8,TCGA-UW-A7GP-11Z-00-DX1.C89DD837-4B77-4CB5-8FAB-DF9315892B9B
246,,TCGA-KL-8341-01Z-00-DX1.eb0da21c-75f5-4de5-a753-12666eff0030,TCGA-KO-8411-01Z-00-DX1.57A47A81-003C-4F34-B8FA-D1313114892F
247,,TCGA-UW-A72T-01Z-00-DX1.1F6EC843-0D4C-4231-99D2-82174C9FF94D,TCGA-NP-A5GY-01Z-00-DX1.F405475A-B246-42FB-8380-8953B328193E
248,,TCGA-KL-8337-01Z-00-DX1.78306056-304b-44c3-87cd-46d3785b7204,TCGA-KM-8438-01Z-00-DX1.1106521B-3563-43AA-8971-18560BAC51C4
249,,TCGA-KO-8415-01Z-00-DX1.CB5F5330-C4E6-4ABB-B9A5-92F94EF23837,TCGA-KN-8425-01Z-00-DX1.1D2AB7D2-6AC3-4785-9FBC-40AEED5DE558
250,,TCGA-KL-8329-01Z-00-DX1.6c9000ef-34ff-4e44-84b3-755a868f6a4e,TCGA-UW-A7GL-01Z-00-DX1.BE2C0D9F-3F84-4363-9B79-01883E8F0306
251,,TCGA-KL-8346-01Z-00-DX1.af2fc9c2-98b7-471f-9777-08c7cc8c734e,TCGA-UW-A7GL-11Z-00-DX1.3508B4AD-C189-4416-848A-CA6771F2EE46
252,,TCGA-KN-8428-01Z-00-DX1.CA71B178-286E-4EDF-9B37-1D2CEE07F9F4,TCGA-UW-A7GG-01Z-00-DX1.83625891-206C-4060-924A-166BE9E893A7
253,,TCGA-KL-8342-01Z-00-DX1.a0dac779-03d7-4041-9e56-b33e548d5567,TCGA-UW-A7GG-11Z-00-DX1.35E063D3-7E85-4BEB-9807-26F96CE31364
254,,TCGA-KM-A7QA-01Z-00-DX1.971BE7D3-6E83-44C9-AFC4-50FE85E9C982,TCGA-UW-A72P-01Z-00-DX1.B16A8F4B-6E8E-4642-AEEF-EBD0613C372D
255,,TCGA-KM-8639-01Z-00-DX1.13E1C61C-16F6-4FC5-B1D2-DDBF7DE16639,TCGA-KN-8419-01Z-00-DX1.15311E57-CCC5-4D15-88DC-0ED9FD2CF2D0
256,,TCGA-KN-8433-01Z-00-DX1.4AE64138-3E04-46AC-B905-52CB71261230,TCGA-UW-A72R-01Z-00-DX1.0D9559B0-80C4-42BA-9461-F92792F0FC0F
257,,TCGA-KL-8334-01Z-00-DX1.bc0857e2-938f-497a-ab63-38bc87e1af30,TCGA-KL-8325-01Z-00-DX1.330bdb6c-86ee-4577-9846-298080b4c2ad
258,,TCGA-KN-8418-01Z-00-DX1.376DD52D-EF98-4564-B8E3-FE4D219A5C88,TCGA-UW-A72Q-01Z-00-DX1.6EEF0E01-E576-4DCA-B613-451D0079EB13
259,,TCGA-KL-8330-01Z-00-DX1.30a61e5b-9379-498a-9aa4-60fd7a3a2f32,TCGA-UW-A7GX-01Z-00-DX1.C99CCFC7-C714-4F0D-AC12-D88F6DFAEFB6
260,,TCGA-UW-A72L-01Z-00-DX1.0A459BE8-D799-441D-85C0-B02AF6EDC806,TCGA-UW-A7GX-11Z-00-DX1.57C4FD28-5463-40C5-9E87-484F3326B395
261,,TCGA-KN-8432-01Z-00-DX1.D4136A31-C2DC-432C-96FB-FD5EE47ECC0D,TCGA-KM-8442-01Z-00-DX1.46835CE2-819D-4887-9633-422BC9F5E366
262,,TCGA-KM-A7QJ-01Z-00-DX1.5011C41F-4385-4AB2-8AFE-5409125EDC31,TCGA-KO-8405-01Z-00-DX1.DB2F9FFE-B562-4D52-A4DF-E939DE99B5F7
263,,TCGA-UW-A72O-01Z-00-DX1.755C4693-A9CE-48E7-A76B-DAECEE850D35,TCGA-KM-8439-01Z-00-DX1.F99904A8-21AB-476A-BFE5-B8FAB44FEB4D
264,,TCGA-UW-A7GJ-01Z-00-DX1.5CA0FD93-E237-4AEC-84D6-0199A62105DE,TCGA-UW-A7GK-01Z-00-DX1.B074DEBE-1697-443B-B426-BD57553E1108
265,,TCGA-UW-A7GJ-11Z-00-DX1.97F9F149-FA58-4535-AE9B-237B8F87DEC7,TCGA-UW-A7GK-11Z-00-DX1.123382DA-3237-4467-ADDD-21A1617DF4E8
266,,TCGA-KL-8331-01Z-00-DX1.3c39f9b9-b639-4bca-a415-bf7427ea2ba5,TCGA-KN-8429-01Z-00-DX1.473181A7-5F6A-4B68-B6E0-44EF34F67DA0
267,,TCGA-KO-8413-01Z-00-DX1.592BC1BB-35B9-4CE1-ACD2-76DD4C4FE7A4,TCGA-KN-8422-01Z-00-DX1.26F9BF86-6D2C-4C99-BFEB-A3708AD48734
268,,TCGA-KN-8430-01Z-00-DX1.8192F868-A504-44E0-929B-7527EB37ECAB,TCGA-KN-8437-01Z-00-DX1.573F2559-097F-4A87-9AB6-55BF2FEB724F
269,,TCGA-UW-A7GR-01Z-00-DX1.094D510F-5348-4543-9F18-73815250F824,TCGA-KN-8431-01Z-00-DX1.BAEA4392-5CD8-4B28-8A47-E9DCE88F5820
270,,TCGA-UW-A7GR-11Z-00-DX1.33EC231A-1C19-48A5-B37E-14C79191DDD6,TCGA-KM-A7QI-01Z-00-DX1.D5284A3E-891C-4750-BE93-C09C7F23C95C
271,,TCGA-UW-A72H-01Z-00-DX1.25A52BAA-4000-4AC7-9B93-9D9790C8834A,TCGA-KO-8404-01Z-00-DX1.0285FDDF-1C75-4DF3-BD59-285870B73B88
272,,TCGA-UW-A7GC-01Z-00-DX1.D2D6FCC6-719A-4C03-A496-E23D18655538,TCGA-KN-8424-01Z-00-DX1.4EC063E2-A058-4610-9B47-FCE2172955B6
273,,TCGA-UW-A7GC-11Z-00-DX1.ADAF7B0F-8EDC-4022-A873-3A5EBA4A46C3,TCGA-KM-8443-01Z-00-DX1.A97D876A-6453-4335-B805-C54529D3915F
274,,TCGA-KO-8408-01Z-00-DX1.4D45F809-E93A-4221-832A-97C3A4B4E30C,TCGA-KM-A7QE-01Z-00-DX1.82CBD529-FBB8-4969-A6E0-B563F0C9D73B
275,,TCGA-KL-8333-01Z-00-DX1.830e3f78-ba43-4b42-b2b5-f3be10d2b781,TCGA-UW-A72K-01Z-00-DX1.F1E38D60-26AA-4D0E-8738-7711611D10D6
276,,TCGA-NP-A5H1-01Z-00-DX1.ABF28359-B224-4C36-9217-C6DB90692848,TCGA-KL-8328-01Z-00-DX1.497ddcb5-0436-4c76-a633-4744e24e6efe
277,,TCGA-KL-8324-01Z-00-DX1.d99a7299-8f9b-4881-8324-50ed2d63358c,TCGA-KO-8406-01Z-00-DX1.F9FDAB2C-9EEC-41D0-A29C-530107B96AC2
278,,TCGA-NP-A5GZ-01Z-00-DX1.07B19B85-A1CE-4AF2-B3E2-C86D11FAC907,TCGA-KO-8414-01Z-00-DX1.F827AA8C-3A50-4697-9788-98A3D87BCE52
279,,TCGA-KM-8477-01Z-00-DX1.5419F74B-EE1C-47C3-A5A7-B22768E613A8,TCGA-KL-8338-01Z-00-DX1.c3febc9e-8adc-49e0-9ce1-9d2dcc79c09c
